oi,Jorge,lipifilipe3@gmail.com,12345
mala,Daniel,lipifilipe12345@gmail.com,6969
gato,filipe,lipifilipe1234@gmail.com,sddsa
zubumafu,Zubumafu,lipifilipe3@gmail.com,123456789
"indio ",Vinicius,beemovie@gmail.com,123456789
pato,Daniel,lipifilipe1234@gmail.com,1234556789
pato,Daniel,lipifilipe1234@gmail.com,1234556789
pato,Daniel,lipifilipe1234@gmail.com,1234556789
zubumafu,Vinicius,lipifilipe12345@gmail.com,123456789
mala,Daniel,lipifilipe@gmail.com,123456789
mamaco,tarzan,beemovie@gmail.com,123456789
harry,potter,dfsa1@discente.ifpe.edu.b,123456789
donalf,marlon,lipifilipe@gmail.com,1234567891

